,gene_names,moduleid,module_order,node_strength
4,ACTN2,3,8,1.18714265587147
,ADIPOR1,0,9,1.00115474075743
3,BACE2,2,2,1.04510242062399
4,BCAP29,3,48,1.09079783441271
,CAMK2G,0,15,1.08738374956612
3,CAP2,2,24,1.23183409155727
2,CDKL5,1,10,1.31210042542945
,CPOX,0,29,1.00001519319931
,CXCL1,0,14,1.0004419904176
,DAB2,0,22,1.00177666975098
3,DUSP7,2,40,1.22514338091477
2,DYNC1I1,1,20,1.13942490965765
2,EFNA5,1,46,1.05124605199232
,EIF4H,0,16,1.00378285438585
,EOGT,0,27,1.00220878861234
,FAT3,0,43,1.04166479756213
,FERMT2,0,44,1.02090232203336
,JAG2,0,18,1.05175969933259
2,JMJD1C,1,47,1.15201089116411
,LAMA5,0,32,1.00366918707292
4,LDLRAD4,3,42,1.12221887293334
,MAML2,0,4,1.00634263942458
,MPC1,0,25,1.04261794567732
,MYCT1,0,1,1.00116444339312
4,PCDH7,3,28,1.13046998630512
3,PDZD2,2,21,1.20849940524683
,PTP4A3,0,38,1.00985904866489
4,PTPN2,3,12,1.25908174932741
,RALB,0,13,1.00423840761299
,RAP1GAP,0,37,1.10562746337341
,RPS6KA3,0,45,1.06381318712242
,RRM2B,0,19,1.03098163721897
,SAV1,0,7,1.12099878095622
,SERPINI1,0,49,1.04654213465035
,SFT2D1,0,3,1.00333672747948
3,SH2B3,2,36,1.07519009265396
2,SORCS1,1,6,1.30100695554902
4,SSX2IP,3,11,1.14869647718511
3,ST3GAL1,2,41,1.22448011065666
,SYPL1,0,26,1.0020219777663
3,SYT6,2,39,1.09455587803056
4,TBC1D4,3,5,1.09622343746962
,TMEM189,0,30,1.0352769819076
,TNFAIP8L1,0,34,1.07224987070519
2,USP2,1,31,1.16464721206047
,USP6NL,0,33,1.01125083494601
,WDR60,0,17,1.01154472579302
,WIPI1,0,23,1.00040872949314
2,ZBTB18,1,35,1.36100383149752
