,gene_names,moduleid,module_order,node_strength
3,ACVR2A,2,23,2.02332236208184
2,ALDH9A1,1,43,4.67379919608962
2,AMOTL1,1,56,3.39718273353438
2,ARHGAP11B,1,22,4.02254629508086
3,CADM1,2,31,1.70127291686029
3,CALB2,2,21,2.33996640377334
2,CBX5,1,26,3.5720360354323
2,CHD9,1,39,3.01964415306878
2,CNR1,1,5,1.77372600892613
2,CORO1C,1,1,2.88251082097456
2,DBN1,1,17,1.60140232583646
2,DCAF7,1,64,1.56466323452293
2,DDX6,1,70,2.11816902668209
3,DLX1,2,6,2.90830339613187
2,EFNB1,1,52,5.04883515616925
2,EIF4G2,1,20,2.04740414514469
3,ELAVL4,2,14,2.23936385732515
2,EOMES,1,60,8.39702085629722
2,EPHA5,1,66,2.20101009250183
3,ERBB4,2,11,2.96292931702596
3,FAM110B,2,42,1.21491475863867
,FUT1,0,49,1.2106676416894
,GAN,0,62,1.1750285989434
2,HPCAL1,1,46,3.52625300110092
2,HUNK,1,30,4.4131282830551
3,IGFBP5,2,29,1.95252050032498
2,ILDR2,1,68,2.47867123241072
2,KLF12,1,41,2.29910461773491
2,KLHL7,1,24,2.78572442759099
2,KLHL9,1,32,2.96617000827559
,MAOA,0,16,1.84953994939707
2,MAP4,1,55,2.50387093312368
2,MCM2,1,12,7.08487769449282
2,MEGF10,1,61,6.0851974654432
2,MEIS2,1,19,3.66051292980428
2,MKLN1,1,13,2.55323224786075
2,NEUROD4,1,67,8.17069956202045
2,NHLH1,1,51,7.62100601367337
3,NNAT,2,69,2.27006100843526
2,NRP1,1,3,4.3357571176193
2,NUP93,1,35,2.77061038376517
2,OSBPL8,1,45,1.77580340025849
,PDE1A,0,25,1.26712685221976
2,PGAP1,1,44,4.09829506001787
2,PPFIBP2,1,10,2.71872485289495
2,PRDX5,1,36,1.89970736368969
2,PRKD1,1,8,4.46834486831609
2,PSRC1,1,58,6.9394960789641
2,PTOV1,1,15,1.64928055768759
2,RNASEH2A,1,47,3.99409408742117
2,RPRD1B,1,7,2.77503864628557
3,SCGN,2,50,2.62438621349608
2,SFRP1,1,4,8.28220108849972
2,SH3RF1,1,34,3.4006996401151
2,SHC3,1,57,1.96296074855656
,SLC7A14,0,65,1.33586002726302
2,SOX1,1,48,6.20981907287163
2,SOX6,1,33,3.55618618696971
2,SPAG9,1,53,5.12769467468148
3,ST8SIA5,2,63,2.69768479146307
2,STAG1,1,37,2.64238291881501
2,TAGLN3,1,18,1.79657825146786
2,TFAP2C,1,38,7.74998850641765
3,THRB,2,2,1.9849623127282
2,TKTL1,1,40,7.00155129156158
2,TTN,1,59,1.53590956659607
2,UBB,1,28,2.53195066902793
2,WDR36,1,27,2.0236628687073
2,XRCC5,1,54,3.52335622092412
3,ZNF536,2,9,2.42702537123147
2,ZNF608,1,71,2.16826448336087
