class,loading,gene_list,num_genes,enrichment,p
mature,positive,all,4296,0.8301106071456991,0.998262578484967
mature,negative,all,4296,1.1824438883578847,0.0027750944107669496
mature,positive,unique,2238,0.5289993788111206,0.9998686265721586
mature,negative,unique,2238,1.7476505588611466,9.056016327857004e-06
precursor,positive,all,3049,1.3495535672283534,0.0003567088274637841
precursor,negative,all,3049,0.4577317092845043,0.9999977659372461
precursor,positive,unique,991,1.7455476661622629,0.003981513975902304
precursor,negative,unique,991,0.21617383050287858,0.9995481825090999
