samples,r2,upper,lower
prenatal,0.556681891836423,0.47361908088235444,0.6455821606328187
