samples,r2,upper,lower
prenatal,0.3576876650139924,0.17307129513468217,0.5941747529444892
