metric,PC1
fa,-0.29713642342995267
ficvf,-0.472994781035326
md,0.46327224949807444
myelin,-0.46177020191632123
odi,-0.3364462470434477
thickness,-0.38332350476083976
